{"count":1,"self":914.27430399999992,"total":927.563356,"children":{"AgentSendState":{"count":46134,"self":1.7043979999999999,"total":3.6681507,"children":{"CollectObservations":{"count":18454,"self":0.39440959999999997,"total":0.39440959999999997,"children":null},"CollectDiscreteActionMasks":{"count":18454,"self":0.034422799999999996,"total":0.034422799999999996,"children":null},"RayPerceptionSensor.Perceive":{"count":36326,"self":1.5349203,"total":1.5349203,"children":null}}},"DecideAction":{"count":46134,"self":8.6923567999999989,"total":9.5072643,"children":{"RayPerceptionSensor.Perceive":{"count":18454,"self":0.81490719999999994,"total":0.81490719999999994,"children":null}}},"AgentAct":{"count":46134,"self":0.089948099999999989,"total":0.089948099999999989,"children":null},"RayPerceptionSensor.Perceive":{"count":452,"self":0.0226651,"total":0.0226651,"children":null}},"gauges":{"SimpleTank.CumulativeReward":{"count":226,"max":1.83756387,"min":-2.686148,"runningAverage":-0.0439390764,"value":1.65479445,"weightedAverage":-0.05111006}},"metadata":{"timer_format_version":"0.1.0","start_time_seconds":"1612228974","unity_version":"2019.4.13f1","command_line_arguments":"C:\\Program Files\\Unity\\Hub\\Editor\\2019.4.13f1\\Editor\\Unity.exe -projectpath D:\/projects\/Unity\/tanks-ml-tutorial -useHub -hubIPC -cloudEnvironment production -hubSessionId 13bba230-600c-11eb-b90b-d372f42e28be -accessToken pIhklSgTFPVY7flt0huLalfBaTv4H85JrPybuZ_M50c001f","communication_protocol_version":"1.0.0","com.unity.ml-agents_version":"1.0.5","scene_name":"training","end_time_seconds":"1612229901"}}