{"count":1,"self":30.0558752,"total":30.4317617,"children":{"AgentSendState":{"count":1303,"self":0.010879699999999999,"total":0.0253194,"children":{"CollectObservations":{"count":522,"self":0.0119636,"total":0.0119636,"children":null},"CollectDiscreteActionMasks":{"count":522,"self":0.0024760999999999997,"total":0.0024760999999999997,"children":null}}},"DecideAction":{"count":1303,"self":0.3004167,"total":0.3465722,"children":{"RayPerceptionSensor.Perceive":{"count":1044,"self":0.046155499999999995,"total":0.046155499999999995,"children":null}}},"AgentAct":{"count":1303,"self":0.0030036999999999998,"total":0.0030036999999999998,"children":null}},"gauges":{"CharlieAgent.CumulativeReward":{"count":1,"max":-1.27821994,"min":-1.27821994,"runningAverage":-1.27821994,"value":-1.27821994,"weightedAverage":-1.27821994},"BravoAgent.CumulativeReward":{"count":1,"max":1.25521994,"min":1.25521994,"runningAverage":1.25521994,"value":1.25521994,"weightedAverage":1.25521994}},"metadata":{"timer_format_version":"0.1.0","start_time_seconds":"1613081820","unity_version":"2019.4.13f1","command_line_arguments":"C:\\Program Files\\Unity\\Hub\\Editor\\2019.4.13f1\\Editor\\Unity.exe -projectpath D:\/projects\/Unity\/nautica-tanks -useHub -hubIPC -cloudEnvironment production -hubSessionId 3c718140-6c05-11eb-9de2-7d1e1ee26e04 -accessToken DxxBFe_Gd3U7VcHiLKiJtDDcnY4PRDIgRBYsKkr9eBk001f","communication_protocol_version":"1.0.0","com.unity.ml-agents_version":"1.0.5","scene_name":"training","end_time_seconds":"1613081850"}}